Workbook

Sheet README
A1: BankCo Churn-Prediction Agent — Source of Truth Workbook
A3: How to use this workbook:
A4: 1. Yellow-filled cells are the ones you edit or feed with real data (customer records, transactions, engagement, NPS, offer policy, RM contacts).
A5: 2. Customer_Master automatically pulls data from the other tabs and calculates a Risk_Score and At_Risk_Flag — do not type into columns H through O, they are formulas.
A6: 3. Offer_Policy is the strict rulebook — this is what the AI step in Zapier should read from, never invent offers outside this tab.
A7: 4. Agent_Log is written to BY ZAPIER, not by you — it stays empty except for the italic example row until the Zap runs.
A8: 5. Upload this file to Google Sheets (File > Import in Sheets, or drag into Google Drive) before connecting it to Zapier.
A10: Tabs:
A11: - Customer_Master: customer profile + live Risk_Score
A12: - Transaction_Behavior: spend data
A13: - Engagement_Signals: lounge + app usage
A14: - NPS_Survey: satisfaction scores
... A17: - Agent_Log: write-back log from the Zapier agent

Sheet Customer_Master
A1: Customer_ID | B1: Customer_Name | C1: Tier | D1: RM_Name | E1: Renewal_Date | F1: Tenure_Years | G1: Account_Value_INR | H1: Spend_Delta_% | I1: Lounge_Last6mo | J1: Lounge_Prior6mo | K1: App_Logins_Last30d | L1: NPS_Score | M1: Days_To_Renewal | N1: Risk_Score | O1: At_Risk_Flag
A2: BC-10245 | B2: Anjali Mehta | C2: Platinum | D2: Rohan Kapoor | E2: 46288 | F2: 6 | G2: 2400000 | H2: =IFERROR(INDEX(Transaction_Behavior!$D:$D,MATCH(A2,Transaction_Behavior!$A:$A,0)),"") -> -0.42307692 | I2: =IFERROR(INDEX(Engagement_Signals!$B:$B,MATCH(A2,Engagement_Signals!$A:$A,0)),0) -> 0 | J2: =IFERROR(INDEX(Engagement_Signals!$C:$C,MATCH(A2,Engagement_Signals!$A:$A,0)),0) -> 5 | K2: =IFERROR(INDEX(Engagement_Signals!$D:$D,MATCH(A2,Engagement_Signals!$A:$A,0)),0) -> 1 | L2: =IFERROR(INDEX(NPS_Survey!$B:$B,MATCH(A2,NPS_Survey!$A:$A,0)),"") -> 4 | M2: =E2-DATE(2026,8,29) -> 25 | N2: =IF(H2<=-0.3,2,0)+IF(J2>0,IF(I2<=J2*0.5,2,0),0)+IF(L2<>"",IF(L2<=6,2,0),0)+IF(K2<=2,1,0)+IF(AND(M2>=0,M2<=60),1,0) -> 8 | O2: =IF(AND(N2>=4,M2<=60,M2>=0),"AT RISK","") -> AT RISK
A3: BC-10246 | B3: Vikram Shah | C3: Gold | D3: Rohan Kapoor | E3: 46303 | F3: 3 | G3: 850000 | H3: =IFERROR(INDEX(Transaction_Behavior!$D:$D,MATCH(A3,Transaction_Behavior!$A:$A,0)),"") -> -0.083333333 | I3: =IFERROR(INDEX(Engagement_Signals!$B:$B,MATCH(A3,Engagement_Signals!$A:$A,0)),0) -> 3 | J3: =IFERROR(INDEX(Engagement_Signals!$C:$C,MATCH(A3,Engagement_Signals!$A:$A,0)),0) -> 4 | K3: =IFERROR(INDEX(Engagement_Signals!$D:$D,MATCH(A3,Engagement_Signals!$A:$A,0)),0) -> 8 | L3: =IFERROR(INDEX(NPS_Survey!$B:$B,MATCH(A3,NPS_Survey!$A:$A,0)),"") -> 8 | M3: =E3-DATE(2026,8,29) -> 40 | N3: =IF(H3<=-0.3,2,0)+IF(J3>0,IF(I3<=J3*0.5,2,0),0)+IF(L3<>"",IF(L3<=6,2,0),0)+IF(K3<=2,1,0)+IF(AND(M3>=0,M3<=60),1,0) -> 1 | O3: =IF(AND(N3>=4,M3<=60,M3>=0),"AT RISK","")
A4: BC-10247 | B4: Priya Nair | C4: Platinum | D4: Sneha Rao | E4: 46278 | F4: 9 | G4: 3100000 | H4: =IFERROR(INDEX(Transaction_Behavior!$D:$D,MATCH(A4,Transaction_Behavior!$A:$A,0)),"") -> -0.68421053 | I4: =IFERROR(INDEX(Engagement_Signals!$B:$B,MATCH(A4,Engagement_Signals!$A:$A,0)),0) -> 1 | J4: =IFERROR(INDEX(Engagement_Signals!$C:$C,MATCH(A4,Engagement_Signals!$A:$A,0)),0) -> 6 | K4: =IFERROR(INDEX(Engagement_Signals!$D:$D,MATCH(A4,Engagement_Signals!$A:$A,0)),0) -> 2 | L4: =IFERROR(INDEX(NPS_Survey!$B:$B,MATCH(A4,NPS_Survey!$A:$A,0)),"") -> 5 | M4: =E4-DATE(2026,8,29) -> 15 | N4: =IF(H4<=-0.3,2,0)+IF(J4>0,IF(I4<=J4*0.5,2,0),0)+IF(L4<>"",IF(L4<=6,2,0),0)+IF(K4<=2,1,0)+IF(AND(M4>=0,M4<=60),1,0) -> 8 | O4: =IF(AND(N4>=4,M4<=60,M4>=0),"AT RISK","") -> AT RISK
A5: BC-10248 | B5: Karan Malhotra | C5: Silver | D5: Sneha Rao | E5: 46443 | F5: 2 | G5: 320000 | H5: =IFERROR(INDEX(Transaction_Behavior!$D:$D,MATCH(A5,Transaction_Behavior!$A:$A,0)),"") -> -0.058823529 | I5: =IFERROR(INDEX(Engagement_Signals!$B:$B,MATCH(A5,Engagement_Signals!$A:$A,0)),0) -> 0 | J5: =IFERROR(INDEX(Engagement_Signals!$C:$C,MATCH(A5,Engagement_Signals!$A:$A,0)),0) -> 0 | K5: =IFERROR(INDEX(Engagement_Signals!$D:$D,MATCH(A5,Engagement_Signals!$A:$A,0)),0) -> 4 | L5: =IFERROR(INDEX(NPS_Survey!$B:$B,MATCH(A5,NPS_Survey!$A:$A,0)),"") -> 9 | M5: =E5-DATE(2026,8,29) -> 180 | N5: =IF(H5<=-0.3,2,0)+IF(J5>0,IF(I5<=J5*0.5,2,0),0)+IF(L5<>"",IF(L5<=6,2,0),0)+IF(K5<=2,1,0)+IF(AND(M5>=0,M5<=60),1,0) -> 0 | O5: =IF(AND(N5>=4,M5<=60,M5>=0),"AT RISK","")
A6: BC-10249 | B6: Ritu Desai | C6: Gold | D6: Rohan Kapoor | E6: 46318 | F6: 5 | G6: 900000 | H6: =IFERROR(INDEX(Transaction_Behavior!$D:$D,MATCH(A6,Transaction_Behavior!$A:$A,0)),"") -> -0.024390244 | I6: =IFERROR(INDEX(Engagement_Signals!$B:$B,MATCH(A6,Engagement_Signals!$A:$A,0)),0) -> 4 | J6: =IFERROR(INDEX(Engagement_Signals!$C:$C,MATCH(A6,Engagement_Signals!$A:$A,0)),0) -> 5 | K6: =IFERROR(INDEX(Engagement_Signals!$D:$D,MATCH(A6,Engagement_Signals!$A:$A,0)),0) -> 10 | L6: =IFERROR(INDEX(NPS_Survey!$B:$B,MATCH(A6,NPS_Survey!$A:$A,0)),"") -> 8 | M6: =E6-DATE(2026,8,29) -> 55 | N6: =IF(H6<=-0.3,2,0)+IF(J6>0,IF(I6<=J6*0.5,2,0),0)+IF(L6<>"",IF(L6<=6,2,0),0)+IF(K6<=2,1,0)+IF(AND(M6>=0,M6<=60),1,0) -> 1 | O6: =IF(AND(N6>=4,M6<=60,M6>=0),"AT RISK","")
A7: BC-10250 | B7: Arjun Verma | C7: Platinum | D7: Sneha Rao | E7: 46311 | F7: 7 | G7: 2750000 | H7: =IFERROR(INDEX(Transaction_Behavior!$D:$D,MATCH(A7,Transaction_Behavior!$A:$A,0)),"") -> -0.016393443 | I7: =IFERROR(INDEX(Engagement_Signals!$B:$B,MATCH(A7,Engagement_Signals!$A:$A,0)),0) -> 2 | J7: =IFERROR(INDEX(Engagement_Signals!$C:$C,MATCH(A7,Engagement_Signals!$A:$A,0)),0) -> 5 | K7: =IFERROR(INDEX(Engagement_Signals!$D:$D,MATCH(A7,Engagement_Signals!$A:$A,0)),0) -> 3 | L7: =IFERROR(INDEX(NPS_Survey!$B:$B,MATCH(A7,NPS_Survey!$A:$A,0)),"") -> 6 | M7: =E7-DATE(2026,8,29) -> 48 | N7: =IF(H7<=-0.3,2,0)+IF(J7>0,IF(I7<=J7*0.5,2,0),0)+IF(L7<>"",IF(L7<=6,2,0),0)+IF(K7<=2,1,0)+IF(AND(M7>=0,M7<=60),1,0) -> 5 | O7: =IF(AND(N7>=4,M7<=60,M7>=0),"AT RISK","") -> AT RISK
A8: BC-10251 | B8: Neha Kulkarni | C8: Silver | D8: Rohan Kapoor | E8: 46353 | F8: 1 | G8: 280000 | H8: =IFERROR(INDEX(Transaction_Behavior!$D:$D,MATCH(A8,Transaction_Behavior!$A:$A,0)),"") -> -0.02173913 | I8: =IFERROR(INDEX(Engagement_Signals!$B:$B,MATCH(A8,Engagement_Signals!$A:$A,0)),0) -> 0 | J8: =IFERROR(INDEX(Engagement_Signals!$C:$C,MATCH(A8,Engagement_Signals!$A:$A,0)),0) -> 1 | K8: =IFERROR(INDEX(Engagement_Signals!$D:$D,MATCH(A8,Engagement_Signals!$A:$A,0)),0) -> 6 | L8: =IFERROR(INDEX(NPS_Survey!$B:$B,MATCH(A8,NPS_Survey!$A:$A,0)),"") -> 9 | M8: =E8-DATE(2026,8,29) -> 90 | N8: =IF(H8<=-0.3,2,0)+IF(J8>0,IF(I8<=J8*0.5,2,0),0)+IF(L8<>"",IF(L8<=6,2,0),0)+IF(K8<=2,1,0)+IF(AND(M8>=0,M8<=60),1,0) -> 2 | O8: =IF(AND(N8>=4,M8<=60,M8>=0),"AT RISK","")
A9: BC-10252 | B9: Sanjay Iyer | C9: Gold | D9: Sneha Rao | E9: 46283 | F9: 4 | G9: 780000 | H9: =IFERROR(INDEX(Transaction_Behavior!$D:$D,MATCH(A9,Transaction_Behavior!$A:$A,0)),"") -> -0.60526316 | I9: =IFERROR(INDEX(Engagement_Signals!$B:$B,MATCH(A9,Engagement_Signals!$A:$A,0)),0) -> 0 | J9: =IFERROR(INDEX(Engagement_Signals!$C:$C,MATCH(A9,Engagement_Signals!$A:$A,0)),0) -> 4 | K9: =IFERROR(INDEX(Engagement_Signals!$D:$D,MATCH(A9,Engagement_Signals!$A:$A,0)),0) -> 1 | L9: =IFERROR(INDEX(NPS_Survey!$B:$B,MATCH(A9,NPS_Survey!$A:$A,0)),"") -> 5 | M9: =E9-DATE(2026,8,29) -> 20 | N9: =IF(H9<=-0.3,2,0)+IF(J9>0,IF(I9<=J9*0.5,2,0),0)+IF(L9<>"",IF(L9<=6,2,0),0)+IF(K9<=2,1,0)+IF(AND(M9>=0,M9<=60),1,0) -> 8 | O9: =IF(AND(N9>=4,M9<=60,M9>=0),"AT RISK","") -> AT RISK
A10: BC-10253 | B10: Meera Pillai | C10: Platinum | D10: Rohan Kapoor | E10: 46321 | F10: 8 | G10: 3400000 | H10: =IFERROR(INDEX(Transaction_Behavior!$D:$D,MATCH(A10,Transaction_Behavior!$A:$A,0)),"") -> -0.6 | I10: =IFERROR(INDEX(Engagement_Signals!$B:$B,MATCH(A10,Engagement_Signals!$A:$A,0)),0) -> 1 | J10: =IFERROR(INDEX(Engagement_Signals!$C:$C,MATCH(A10,Engagement_Signals!$A:$A,0)),0) -> 8 | K10: =IFERROR(INDEX(Engagement_Signals!$D:$D,MATCH(A10,Engagement_Signals!$A:$A,0)),0) -> 2 | L10: =IFERROR(INDEX(NPS_Survey!$B:$B,MATCH(A10,NPS_Survey!$A:$A,0)),"") -> 3 | M10: =E10-DATE(2026,8,29) -> 58 | N10: =IF(H10<=-0.3,2,0)+IF(J10>0,IF(I10<=J10*0.5,2,0),0)+IF(L10<>"",IF(L10<=6,2,0),0)+IF(K10<=2,1,0)+IF(AND(M10>=0,M10<=60),1,0) -> 8 | O10: =IF(AND(N10>=4,M10<=60,M10>=0),"AT RISK","") -> AT RISK
A11: BC-10254 | B11: Aditya Rao | C11: Gold | D11: Sneha Rao | E11: 46383 | F11: 2 | G11: 610000 | H11: =IFERROR(INDEX(Transaction_Behavior!$D:$D,MATCH(A11,Transaction_Behavior!$A:$A,0)),"") -> -0.034482759 | I11: =IFERROR(INDEX(Engagement_Signals!$B:$B,MATCH(A11,Engagement_Signals!$A:$A,0)),0) -> 3 | J11: =IFERROR(INDEX(Engagement_Signals!$C:$C,MATCH(A11,Engagement_Signals!$A:$A,0)),0) -> 3 | K11: =IFERROR(INDEX(Engagement_Signals!$D:$D,MATCH(A11,Engagement_Signals!$A:$A,0)),0) -> 9 | L11: =IFERROR(INDEX(NPS_Survey!$B:$B,MATCH(A11,NPS_Survey!$A:$A,0)),"") -> 8 | M11: =E11-DATE(2026,8,29) -> 120 | N11: =IF(H11<=-0.3,2,0)+IF(J11>0,IF(I11<=J11*0.5,2,0),0)+IF(L11<>"",IF(L11<=6,2,0),0)+IF(K11<=2,1,0)+IF(AND(M11>=0,M11<=60),1,0) -> 0 | O11: =IF(AND(N11>=4,M11<=60,M11>=0),"AT RISK","")
A12: BC-10255 | B12: Fatima Sheikh | C12: Platinum | D12: Rohan Kapoor | E12: 46275 | F12: 10 | G12: 4200000 | H12: =IFERROR(INDEX(Transaction_Behavior!$D:$D,MATCH(A12,Transaction_Behavior!$A:$A,0)),"") -> -0.72222222 | I12: =IFERROR(INDEX(Engagement_Signals!$B:$B,MATCH(A12,Engagement_Signals!$A:$A,0)),0) -> 0 | J12: =IFERROR(INDEX(Engagement_Signals!$C:$C,MATCH(A12,Engagement_Signals!$A:$A,0)),0) -> 6 | K12: =IFERROR(INDEX(Engagement_Signals!$D:$D,MATCH(A12,Engagement_Signals!$A:$A,0)),0) -> 1 | L12: =IFERROR(INDEX(NPS_Survey!$B:$B,MATCH(A12,NPS_Survey!$A:$A,0)),"") -> 4 | M12: =E12-DATE(2026,8,29) -> 12 | N12: =IF(H12<=-0.3,2,0)+IF(J12>0,IF(I12<=J12*0.5,2,0),0)+IF(L12<>"",IF(L12<=6,2,0),0)+IF(K12<=2,1,0)+IF(AND(M12>=0,M12<=60),1,0) -> 8 | O12: =IF(AND(N12>=4,M12<=60,M12>=0),"AT RISK","") -> AT RISK
A13: BC-10256 | B13: Rahul Bhatia | C13: Silver | D13: Sneha Rao | E13: 46463 | F13: 1 | G13: 250000 | H13: =IFERROR(INDEX(Transaction_Behavior!$D:$D,MATCH(A13,Transaction_Behavior!$A:$A,0)),"") -> -0.014084507 | I13: =IFERROR(INDEX(Engagement_Signals!$B:$B,MATCH(A13,Engagement_Signals!$A:$A,0)),0) -> 0 | J13: =IFERROR(INDEX(Engagement_Signals!$C:$C,MATCH(A13,Engagement_Signals!$A:$A,0)),0) -> 0 | K13: =IFERROR(INDEX(Engagement_Signals!$D:$D,MATCH(A13,Engagement_Signals!$A:$A,0)),0) -> 5 | L13: =IFERROR(INDEX(NPS_Survey!$B:$B,MATCH(A13,NPS_Survey!$A:$A,0)),"") -> 9 | M13: =E13-DATE(2026,8,29) -> 200 | N13: =IF(H13<=-0.3,2,0)+IF(J13>0,IF(I13<=J13*0.5,2,0),0)+IF(L13<>"",IF(L13<=6,2,0),0)+IF(K13<=2,1,0)+IF(AND(M13>=0,M13<=60),1,0) -> 0 | O13: =IF(AND(N13>=4,M13<=60,M13>=0),"AT RISK","")

Sheet Transaction_Behavior
A1: Customer_ID | B1: Avg_Monthly_Spend_Last90d | C1: Avg_Monthly_Spend_Prior90d | D1: Spend_Delta_% | E1: Card_Usage_Freq_Last30d
A2: BC-10245 | B2: 45000 | C2: 78000 | D2: =IFERROR((B2-C2)/C2,"") -> -0.42307692 | E2: 3
A3: BC-10246 | B3: 22000 | C3: 24000 | D3: =IFERROR((B3-C3)/C3,"") -> -0.083333333 | E3: 5
A4: BC-10247 | B4: 30000 | C4: 95000 | D4: =IFERROR((B4-C4)/C4,"") -> -0.68421053 | E4: 2
A5: BC-10248 | B5: 8000 | C5: 8500 | D5: =IFERROR((B5-C5)/C5,"") -> -0.058823529 | E5: 6
A6: BC-10249 | B6: 40000 | C6: 41000 | D6: =IFERROR((B6-C6)/C6,"") -> -0.024390244 | E6: 7
A7: BC-10250 | B7: 60000 | C7: 61000 | D7: =IFERROR((B7-C7)/C7,"") -> -0.016393443 | E7: 8
A8: BC-10251 | B8: 9000 | C8: 9200 | D8: =IFERROR((B8-C8)/C8,"") -> -0.02173913 | E8: 5
A9: BC-10252 | B9: 15000 | C9: 38000 | D9: =IFERROR((B9-C9)/C9,"") -> -0.60526316 | E9: 2
A10: BC-10253 | B10: 52000 | C10: 130000 | D10: =IFERROR((B10-C10)/C10,"") -> -0.6 | E10: 1
A11: BC-10254 | B11: 28000 | C11: 29000 | D11: =IFERROR((B11-C11)/C11,"") -> -0.034482759 | E11: 6
A12: BC-10255 | B12: 25000 | C12: 90000 | D12: =IFERROR((B12-C12)/C12,"") -> -0.72222222 | E12: 1
A13: BC-10256 | B13: 7000 | C13: 7100 | D13: =IFERROR((B13-C13)/C13,"") -> -0.014084507 | E13: 4

Sheet Engagement_Signals
A1: Customer_ID | B1: Lounge_Visits_Last6mo | C1: Lounge_Visits_Prior6mo | D1: App_Logins_Last30d | E1: Support_Tickets_Last90d
A2: BC-10245 | B2: 0 | C2: 5 | D2: 1 | E2: 2
A3: BC-10246 | B3: 3 | C3: 4 | D3: 8 | E3: 0
A4: BC-10247 | B4: 1 | C4: 6 | D4: 2 | E4: 3
A5: BC-10248 | B5: 0 | C5: 0 | D5: 4 | E5: 0
A6: BC-10249 | B6: 4 | C6: 5 | D6: 10 | E6: 0
A7: BC-10250 | B7: 2 | C7: 5 | D7: 3 | E7: 1
A8: BC-10251 | B8: 0 | C8: 1 | D8: 6 | E8: 0
A9: BC-10252 | B9: 0 | C9: 4 | D9: 1 | E9: 2
A10: BC-10253 | B10: 1 | C10: 8 | D10: 2 | E10: 4
A11: BC-10254 | B11: 3 | C11: 3 | D11: 9 | E11: 0
A12: BC-10255 | B12: 0 | C12: 6 | D12: 1 | E12: 3
A13: BC-10256 | B13: 0 | C13: 0 | D13: 5 | E13: 0

Sheet NPS_Survey
A1: Customer_ID | B1: Latest_NPS_Score | C1: Survey_Date | D1: Comment
A2: BC-10245 | B2: 4 | C2: 46235 | D2: Fees feel high for what I use
A3: BC-10246 | B3: 8 | C3: 46253 | D3: Happy with service
A4: BC-10247 | B4: 5 | C4: 46248 | D4: Not visiting lounges anymore, considering other banks
A5: BC-10248 | B5: 9 | C5: 46258 | D5: All good
A6: BC-10249 | B6: 8 | C6: 46243 | D6: Great app experience
A7: BC-10250 | B7: 6 | C7: 46230 | D7: Service is fine, could be more personal
A8: BC-10251 | B8: 9 | C8: 46261 | D8: Very satisfied
A9: BC-10252 | B9: 5 | C9: 46223 | D9: Considering a switch, too many charges
A10: BC-10253 | B10: 3 | C10: 46245 | D10: Disappointed with recent support experience
A11: BC-10254 | B11: 8 | C11: 46251 | D11: Good overall
A12: BC-10255 | B12: 4 | C12: 46255 | D12: Barely using the card lately
A13: BC-10256 | B13: 9 | C13: 46260 | D13: No complaints

Sheet Offer_Policy
A1: Tier | B1: Max_Fee_Waiver_% | C1: Eligible_Offers | D1: Requires_RM_Approval | E1: Requires_Credit_Team_Approval_Above_INR
A2: Platinum | B2: 0.5 | C2: Annual fee waiver; bonus lounge passes (4); dedicated concierge call | D2: TRUE | E2: 100000
A3: Gold | B3: 0.25 | C3: Annual fee waiver up to 25%; 2 bonus lounge passes | D3: TRUE | E3: 50000
A4: Silver | B4: 0 | C4: No fee waiver eligible; complimentary relationship review call only | D4: TRUE | E4: 0

Sheet RM_Directory
A1: RM_Name | B1: RM_Email | C1: Slack_ID
A2: Rohan Kapoor | B2: rohan.kapoor@bankco.com | C2: U02ROHANK
A3: Sneha Rao | B3: sneha.rao@bankco.com | C3: U02SNEHAR

Sheet Agent_Log
A1: Customer_ID | B1: Timestamp | C1: Risk_Score | D1: Risk_Reasons | E1: Draft_Status | F1: Draft_Link | G1: RM_Decision
A2: EXAMPLE-0000 | B2: 2026-08-01 08:00 | C2: 5 | D2: Spend down 42%; lounge visits down 80%; NPS 4 | E2: Draft Created | F2: https://mail.google.com/draft/xyz | G2: Pending
